-- Inserts

INSERT INTO users (`id`,`name`,`cpf`,`email`,`password`) VALUES (1,'Bruno','001.000.000-00','bruno@email.com','$2b$10$Xlxel.6cJJeD\AyacEEj6OSKq8tbcOXvI03wR.\AOK3CTbcVZkObO');
INSERT INTO users (`id`,`name`,`cpf`,`email`,`password`) VALUES (2,'User','000.000.000-00','user@gft.com','$2b$10$Ra979XBLmn7sk.bnhgg71OkS7RF48XxRpEmtvNfLThdsgrWtHXKBi');
INSERT INTO users (`id`,`name`,`cpf`,`email`,`password`) VALUES (3,'José','100.000.000-00','jose@email.com','$2b$10$Ra979XBLmn7sk.bnhgg71OkS7RF48XxRpEmtvNfLThdsgrWtHXKBi');
INSERT INTO users (`id`,`name`,`cpf`,`email`,`password`) VALUES (4,'Othávio','200.000.000-00','othavio@email.com','$2b$10$Ra979XBLmn7sk.bnhgg71OkS7RF48XxRpEmtvNfLThdsgrWtHXKBi');
INSERT INTO users (`id`,`name`,`cpf`,`email`,`password`) VALUES (5,'Maria','300.000.000-00','maria@email.com','$2b$10$Ra979XBLmn7sk.bnhgg71OkS7RF48XxRpEmtvNfLThdsgrWtHXKBi');
INSERT INTO users (`id`,`name`,`cpf`,`email`,`password`) VALUES (6,'João','400.000.000-00','joao@email.com','$2b$10$Ra979XBLmn7sk.bnhgg71OkS7RF48XxRpEmtvNfLThdsgrWtHXKBi');
INSERT INTO users (`id`,`name`,`cpf`,`email`,`password`) VALUES (7,'Marcos','500.000.000-00','marcos@email.com','$2b$10$Ra979XBLmn7sk.bnhgg71OkS7RF48XxRpEmtvNfLThdsgrWtHXKBi');
INSERT INTO users (`id`,`name`,`cpf`,`email`,`password`) VALUES (8,'Kleber','600.000.000-00','kleber@email.com','$2b$10$Ra979XBLmn7sk.bnhgg71OkS7RF48XxRpEmtvNfLThdsgrWtHXKBi');
INSERT INTO users (`id`,`name`,`cpf`,`email`,`password`) VALUES (9,'Ronaldo','700.000.000-00','ronaldo@email.com','$2b$10$Ra979XBLmn7sk.bnhgg71OkS7RF48XxRpEmtvNfLThdsgrWtHXKBi');
INSERT INTO users (`id`,`name`,`cpf`,`email`,`password`) VALUES (10,'Miguel','800.000.000-00','miguel@email.com','$2b$10$Ra979XBLmn7sk.bnhgg71OkS7RF48XxRpEmtvNfLThdsgrWtHXKBi');

INSERT INTO artist (`id`,`name`) VALUES (1,'AC/DC');
INSERT INTO artist (`id`,`name`) VALUES (2,'The Beatles');
INSERT INTO artist (`id`,`name`) VALUES (3,'Led Zeppelin');
INSERT INTO artist (`id`,`name`) VALUES (4,'Guns N Roses');
INSERT INTO artist (`id`,`name`) VALUES (5,'Nirvana');
INSERT INTO artist (`id`,`name`) VALUES (6,'The Rolling Stones');
INSERT INTO artist (`id`,`name`) VALUES (7,'Black Sabbath');
INSERT INTO artist (`id`,`name`) VALUES (8,'Iron Maiden');
INSERT INTO artist (`id`,`name`) VALUES (9,'Queen');
INSERT INTO artist (`id`,`name`) VALUES (10,'Pink Floyd');
INSERT INTO artist (`id`,`name`) VALUES (11,'Deep Purple');
INSERT INTO artist (`id`,`name`) VALUES (12,'Sepultura');
INSERT INTO artist (`id`,`name`) VALUES (13,'Legião Urbana');
INSERT INTO artist (`id`,`name`) VALUES (14,'Rainbow');
INSERT INTO artist (`id`,`name`) VALUES (15,'Aerosmith');
INSERT INTO artist (`id`,`name`) VALUES (16,'KISS');
INSERT INTO artist (`id`,`name`) VALUES (17,'Scorpions');
INSERT INTO artist (`id`,`name`) VALUES (18,'Green Day');
INSERT INTO artist (`id`,`name`) VALUES (19,'Slipknot');
INSERT INTO artist (`id`,`name`) VALUES (20,'Jimi Hendrix');
INSERT INTO artist (`id`,`name`) VALUES (21,'Elvis Presley');
INSERT INTO artist (`id`,`name`) VALUES (22,'The Doors');
INSERT INTO artist (`id`,`name`) VALUES (23,'Van Halen');
INSERT INTO artist (`id`,`name`) VALUES (24,'Sex Pistols');
INSERT INTO artist (`id`,`name`) VALUES (25,'Bon Jovi');
INSERT INTO artist (`id`,`name`) VALUES (26,'Metallica');
INSERT INTO artist (`id`,`name`) VALUES (27,'Pearl Jam');
INSERT INTO artist (`id`,`name`) VALUES (28,'Red Hot Chili Peppers');
INSERT INTO artist (`id`,`name`) VALUES (29,'Stratovarius');
INSERT INTO artist (`id`,`name`) VALUES (30,'Angra');
INSERT INTO artist (`id`,`name`) VALUES (31,'Coldplay');
INSERT INTO artist (`id`,`name`) VALUES (32,'Linkin Park');
INSERT INTO artist (`id`,`name`) VALUES (33,'U2');
INSERT INTO artist (`id`,`name`) VALUES (34,'Goo Goo Dolls');
INSERT INTO artist (`id`,`name`) VALUES (35,'Bikini Kill');
INSERT INTO artist (`id`,`name`) VALUES (36,'Bratmobile');
INSERT INTO artist (`id`,`name`) VALUES (37,'Blink-182');
INSERT INTO artist (`id`,`name`) VALUES (38,'Offspring');
INSERT INTO artist (`id`,`name`) VALUES (39,'Limp Bizkit');
INSERT INTO artist (`id`,`name`) VALUES (40,'Pixies');
INSERT INTO artist (`id`,`name`) VALUES (41,'White Stripes');
INSERT INTO artist (`id`,`name`) VALUES (42,'Nightwish');
INSERT INTO artist (`id`,`name`) VALUES (43,'Blind Guardian');
INSERT INTO artist (`id`,`name`) VALUES (44,'Living Colour');
INSERT INTO artist (`id`,`name`) VALUES (45,'Smashing Pumpkins');
INSERT INTO artist (`id`,`name`) VALUES (46,'Alice in Chains');
INSERT INTO artist (`id`,`name`) VALUES (47,'Soundgarden');
INSERT INTO artist (`id`,`name`) VALUES (48,'Mudhoney');
INSERT INTO artist (`id`,`name`) VALUES (49,'Oasis');
INSERT INTO artist (`id`,`name`) VALUES (50,'Suede');

INSERT INTO genre (`id`,`genre`) VALUES (3,'Blues Rock');
INSERT INTO genre (`id`,`genre`) VALUES (1,'Classic Rock');
INSERT INTO genre (`id`,`genre`) VALUES (10,'Folk Rock');
INSERT INTO genre (`id`,`genre`) VALUES (7,'Garage Rock');
INSERT INTO genre (`id`,`genre`) VALUES (13,'Grunge');
INSERT INTO genre (`id`,`genre`) VALUES (4,'Hard Rock');
INSERT INTO genre (`id`,`genre`) VALUES (6,'Heavy Metal');
INSERT INTO genre (`id`,`genre`) VALUES (15,'Indie Rock');
INSERT INTO genre (`id`,`genre`) VALUES (18,'New Metal');
INSERT INTO genre (`id`,`genre`) VALUES (11,'New Wave');
INSERT INTO genre (`id`,`genre`) VALUES (14,'Pop Punk');
INSERT INTO genre (`id`,`genre`) VALUES (5,'Punk Rock');
INSERT INTO genre (`id`,`genre`) VALUES (12,'Rock Alternativo');
INSERT INTO genre (`id`,`genre`) VALUES (16,'Rock Experimental');
INSERT INTO genre (`id`,`genre`) VALUES (9,'Rock Progressivo');
INSERT INTO genre (`id`,`genre`) VALUES (8,'Rock Psicodélico');
INSERT INTO genre (`id`,`genre`) VALUES (2,'Rockabilly');
INSERT INTO genre (`id`,`genre`) VALUES (17,'Thrash metal');

INSERT INTO artist_has_genre (`artist_id`,`genre_id`) VALUES (1,4);
INSERT INTO artist_has_genre (`artist_id`,`genre_id`) VALUES (2,16);
INSERT INTO artist_has_genre (`artist_id`,`genre_id`) VALUES (3,4);
INSERT INTO artist_has_genre (`artist_id`,`genre_id`) VALUES (4,4);
INSERT INTO artist_has_genre (`artist_id`,`genre_id`) VALUES (5,13);
INSERT INTO artist_has_genre (`artist_id`,`genre_id`) VALUES (6,3);
INSERT INTO artist_has_genre (`artist_id`,`genre_id`) VALUES (7,4);
INSERT INTO artist_has_genre (`artist_id`,`genre_id`) VALUES (8,6);
INSERT INTO artist_has_genre (`artist_id`,`genre_id`) VALUES (9,4);
INSERT INTO artist_has_genre (`artist_id`,`genre_id`) VALUES (10,9);
INSERT INTO artist_has_genre (`artist_id`,`genre_id`) VALUES (11,4);
INSERT INTO artist_has_genre (`artist_id`,`genre_id`) VALUES (12,17);
INSERT INTO artist_has_genre (`artist_id`,`genre_id`) VALUES (13,12);
INSERT INTO artist_has_genre (`artist_id`,`genre_id`) VALUES (14,4);
INSERT INTO artist_has_genre (`artist_id`,`genre_id`) VALUES (15,4);
INSERT INTO artist_has_genre (`artist_id`,`genre_id`) VALUES (16,4);
INSERT INTO artist_has_genre (`artist_id`,`genre_id`) VALUES (17,6);
INSERT INTO artist_has_genre (`artist_id`,`genre_id`) VALUES (18,14);
INSERT INTO artist_has_genre (`artist_id`,`genre_id`) VALUES (19,18);
INSERT INTO artist_has_genre (`artist_id`,`genre_id`) VALUES (20,16);
INSERT INTO artist_has_genre (`artist_id`,`genre_id`) VALUES (21,1);
INSERT INTO artist_has_genre (`artist_id`,`genre_id`) VALUES (22,4);
INSERT INTO artist_has_genre (`artist_id`,`genre_id`) VALUES (23,16);
INSERT INTO artist_has_genre (`artist_id`,`genre_id`) VALUES (24,4);
INSERT INTO artist_has_genre (`artist_id`,`genre_id`) VALUES (25,4);
INSERT INTO artist_has_genre (`artist_id`,`genre_id`) VALUES (26,13);
INSERT INTO artist_has_genre (`artist_id`,`genre_id`) VALUES (27,3);
INSERT INTO artist_has_genre (`artist_id`,`genre_id`) VALUES (28,4);
INSERT INTO artist_has_genre (`artist_id`,`genre_id`) VALUES (29,6);
INSERT INTO artist_has_genre (`artist_id`,`genre_id`) VALUES (30,4);
INSERT INTO artist_has_genre (`artist_id`,`genre_id`) VALUES (31,9);
INSERT INTO artist_has_genre (`artist_id`,`genre_id`) VALUES (32,4);
INSERT INTO artist_has_genre (`artist_id`,`genre_id`) VALUES (33,17);
INSERT INTO artist_has_genre (`artist_id`,`genre_id`) VALUES (34,12);
INSERT INTO artist_has_genre (`artist_id`,`genre_id`) VALUES (35,4);
INSERT INTO artist_has_genre (`artist_id`,`genre_id`) VALUES (36,4);
INSERT INTO artist_has_genre (`artist_id`,`genre_id`) VALUES (37,4);
INSERT INTO artist_has_genre (`artist_id`,`genre_id`) VALUES (38,6);
INSERT INTO artist_has_genre (`artist_id`,`genre_id`) VALUES (39,14);
INSERT INTO artist_has_genre (`artist_id`,`genre_id`) VALUES (40,18);
INSERT INTO artist_has_genre (`artist_id`,`genre_id`) VALUES (41,16);
INSERT INTO artist_has_genre (`artist_id`,`genre_id`) VALUES (42,1);
INSERT INTO artist_has_genre (`artist_id`,`genre_id`) VALUES (43,4);
INSERT INTO artist_has_genre (`artist_id`,`genre_id`) VALUES (44,16);
INSERT INTO artist_has_genre (`artist_id`,`genre_id`) VALUES (45,4);
INSERT INTO artist_has_genre (`artist_id`,`genre_id`) VALUES (46,4);
INSERT INTO artist_has_genre (`artist_id`,`genre_id`) VALUES (47,13);
INSERT INTO artist_has_genre (`artist_id`,`genre_id`) VALUES (48,3);
INSERT INTO artist_has_genre (`artist_id`,`genre_id`) VALUES (49,4);
INSERT INTO artist_has_genre (`artist_id`,`genre_id`) VALUES (50,6);

INSERT INTO music_letter (`id`,`name`,`songwriter`,`music_letter`,`video_link`,`users_id`,`genre_id`,`artist_id`) VALUES (1,'Stairway To Heaven','Robert Plant \ James Patrick Page','There\'s a lady who\'s sure\nAll that glitters is gold\nAnd she\'s buying a stairway to heaven\nWhen she gets there she knows\nIf the stores are all closed\nWith a word she can get what she came for\nOoh ooh ooh ooh ooh\nAnd she\'s buying a stairway to heaven\nThere\'s a sign on the wall\nBut she wants to be sure\n\'Cause you know, sometimes words have two meanings\nIn a tree by the brook\nThere\'s a songbird who sings\nSometimes all of our thoughts are misgiven\nOoh, it makes me wonder\nOoh, it makes me wonder\nThere\'s a feeling I get\nWhen I look to the west\nAnd my spirit is crying for leaving\nIn my thoughts I have seen\nRings of smoke through the trees\nAnd the voices of those who stand looking\nOoh, it makes me wonder\nOoh, it really makes me wonder\nAnd it\'s whispered that soon\nIf we all call the tune\nThen the piper will lead us to reason\nAnd a new day will dawn\nFor those who stand long\nAnd the forests will echo with laughter\nOh whoa-whoa-whoa, oh-oh\nIf there\'s a bustle in your hedgerow, don\'t be alarmed now\nIt\'s just a spring clean for the May Queen\nYes, there are two paths you can go by, but in the long run\nAnd there\'s still time to change the road you\'re on\nAnd it makes me wonder\nOh, whoa\nYour head is humming and it won\'t go\nIn case you don\'t know\nThe piper\'s calling you to join him\nDear lady, can you hear the wind blow?\nAnd did you know\nYour stairway lies on the whispering wind?\nAnd as we wind on down the road\nOur shadows taller than our soul\nThere walks a lady we all know\nWho shines white light and wants to show\nHow everything still turns to gold\nAnd if you listen very hard\nThe tune will come to you at last\nWhen all are one and one is all, yeah\nTo be a rock and not to roll\nAnd she\'s buying a stairway to heaven','https://www.youtube.com/watch?v=X791IzOwt3Q',6,4,3);
INSERT INTO music_letter (`id`,`name`,`songwriter`,`music_letter`,`video_link`,`users_id`,`genre_id`,`artist_id`) VALUES (2,'Back In Black','Angus Young \ Brian Johnson \ Malcolm Young.','I hit the sack​\nI\'ve been too long, I\'m glad to be back​\nYes, I\'m let loose​\nFrom the noose​\nThat\'s kept me hanging about​\nI\'ve been looking at the sky​\n\'Cause it\'s gettin\' me high​\nForget the hearse \'cause I never die​\nI got nine lives​\nCat\'s eyes​\nAbusin\' every one of them and running wild​\n\'Cause I\'m back​\nYes, I\'m back​\nWell, I\'m back​\nYes, I\'m back​\nWell, I\'m back, back​\nWell, I\'m back in black​\nYes, I\'m back in black​\nBack in the back​\nOf a Cadillac​\nNumber one with a bullet, I\'m a power pack​\nYes, I\'m in a bang​\nWith a gang​\nThey\'ve got to catch me if they want me to hang​\n\'Cause I\'m back on the track​\nAnd I\'m beatin\' the flack​\nNobody\'s gonna get me on another rap​\nSo look at me now​\nI\'m just makin\' my play​\nDon\'t try to push your luck, just get out of my way​\n\'Cause I\'m back​\nYes, I\'m back​\nWell, I\'m back​\nYes, I\'m back​\nWell, I\'m back, back​\nWell, I\'m back in black​\nYes, I\'m back in black​\nWell, I\'m back, yes, I\'m back​\nWell, I\'m back, yes, I\'m back​\nWell, I\'m back, back​\nWell, I\'m back in black​\nYes, I\'m back in black​\nOh, yeah​\nOh, yeah​\nTake my love​\nOh, yeah, yeah​\nOh, yeah, yeah, ooh, yeah​\nWell, I\'m back (I\'m back)​\nBack (I\'m back)​\nBack (I\'m back)​\nBack (I\'m back)​\nBack (I\'m back)​\nBack​\nBack in black​\nYes, I\'m back in black​\nI\'ve hit the sack','https://www.youtube.com/watch?v=pAgnJDJN4VA',1,1,1);
INSERT INTO music_letter (`id`,`name`,`songwriter`,`music_letter`,`video_link`,`users_id`,`genre_id`,`artist_id`) VALUES (3,'Yesterday','John Lennon \ Paul McCartney.','Yesterday\nAll my trouble seemed so far away\nNow it looks as though they\'re here to stay\nOh, I believe in yesterday\nSuddenly\nI\'m not half the man I used to be\nThere\'s a shadow hanging over me\nOh, yesterday came suddenly\nWhy she had to go, I don\'t know\nShe wouldn\'t say\nI said something wrong\nNow I long for yesterday\nYesterday\nLove was such an easy game to play\nNow I need a place to hide away\nOh, I believe in yesterday\nWhy she had to go, I don\'t know\nShe wouldn\'t say\nI said something wrong\nNow I long for yesterday\nYesterday\nLove was such an easy game to play\nNow I need a place to hide away\nOh, I believe in yesterday','https://www.youtube.com/watch?v=wXTJBr9tt8Q',2,2,2);
INSERT INTO music_letter (`id`,`name`,`songwriter`,`music_letter`,`video_link`,`users_id`,`genre_id`,`artist_id`) VALUES (4,'Love Of My Life','Freddie Mercury.','Love of my life, you\'ve hurt me\nYou\'ve broken my heart, and now you leave me\nLove of my life, can\'t you see?\nBring it back, bring it back\nDon\'t take it away from me\nBecause you don\'t know\nWhat it means to me\nLove of my life, don\'t leave me\nYou\'ve taken my love, and now desert me\nLove of my life, can\'t you see?\nBring it back, bring it back\nDon\'t take it away from me\nBecause you don\'t know\nWhat it means to me\nYou will remember\nWhen this is blown over\nAnd everything\'s all by the way\nWhen I grow older\nI will be there at your side to remind you\nHow I still love you (I still love you)\nBack, hurry back\nPlease, bring it back home to me\nBecause you don\'t know\nWhat it means to me\nLove of my life\nLove of my life\nOoh, ooh','https://www.youtube.com/watch?v=vNsEEvRMtGI',3,3,9);
INSERT INTO music_letter (`id`,`name`,`songwriter`,`music_letter`,`video_link`,`users_id`,`genre_id`,`artist_id`) VALUES (5,'Wasting Love','Bruce Dickinson \ Janick Gers.','Maybe one day I\'ll be an honest man\nUp \'til now I\'m doing the best I can\nLong roads, long days\nOf sunrise to sunset, of sunrise to sunset\nDream on, brothers, while you can\nDream on, sisters, I hope you find the one\nAll of our lives, covered up quickly\nBy the tides of time\nSpend your days full of emptiness\nSpend your years full of loneliness\nWasting love, in a desperate caress\nRolling shadows of nights\nDream on, brothers, while you can\nDream on, sisters, I hope you find the one\nAll of our lives, covered up quickly\nBy the tides of time\nSands are flowing and the lines are in your hand\nIn your eyes I see the hunger, and the desperate cry that tears the night\nSpend your days full of emptiness\nSpend your years full of loneliness\nWasting love, in a desperate caress\nRolling shadows of nights\nSpend your days full of emptiness\nSpend your years full of loneliness\nWasting love, in a desperate caress\nRolling shadows of nights\nSpend your days full of emptiness\nSpend your years full of loneliness\nWasting love, in a desperate caress\nRolling shadows of nights','https://www.youtube.com/watch?v=SbWeP7KkeCU',4,4,8);
INSERT INTO music_letter (`id`,`name`,`songwriter`,`music_letter`,`video_link`,`users_id`,`genre_id`,`artist_id`) VALUES (6,'Lithium','Kurt Cobain.','I\'m so happy \'cause today I found my friends\nThey\'re in my head\nI\'m so ugly, that\'s okay, \'cause so are you\nBroke our mirrors\nSunday morning is everyday, for all I care\nAnd I\'m not scared\nLight my candles in a daze\n\'Cause I\'ve found God\nYeah, yeah\nYeah, yeah\nYeah, yeah\nYeah, yeah\nYeah, yeah\nYeah, yeah, yeah\nI\'m so lonely, that\'s okay, I shaved my head\nAnd I\'m not sad\nAnd just maybe I\'m to blame for all I\'ve heard\nBut I\'m not sure\nI\'m so excited, I can\'t wait to meet you there\nAnd I don\'t care\nI\'m so horny, that\'s okay\nMy will is good\nYeah, yeah\nYeah, yeah\nYeah, yeah\nYeah, yeah\nYeah, yeah\nYeah, yeah, yeah\nI like it, I\'m not gonna crack\nI miss you, I\'m not gonna crack\nI love you, I\'m not gonna crack\nI killed you, I\'m not gonna crack\nI like it, I\'m not gonna crack\nI miss you, I\'m not gonna crack\nI love you, I\'m not gonna crack\nI killed you, I\'m not gonna crack\nI\'m so happy \'cause today I found my friends\nThey\'re in my head\nI\'m so ugly, that\'s okay, \'cause so are you\nBroke our mirrors\nSunday morning is everyday, for all I care\nAnd I\'m not scared\nLight my candles in a daze\n\'Cause I\'ve found God\nYeah, yeah\nYeah, yeah\nYeah, yeah\nYeah, yeah\nYeah, yeah\nYeah, yeah, yeah\nI like it, I\'m not gonna crack\nI miss you, I\'m not gonna crack\nI love you, I\'m not gonna crack\nI killed you, I\'m not gonna crack\nI like it, I\'m not gonna crack\nI miss you, I\'m not gonna crack\nI love you, I\'m not gonna crack\nI killed you, I\'m not gonna crack','https://www.youtube.com/watch?v=pkcJEvMcnEg',5,5,5);
INSERT INTO music_letter (`id`,`name`,`songwriter`,`music_letter`,`video_link`,`users_id`,`genre_id`,`artist_id`) VALUES (7,'Sweet Child O\' Mine',' Axl Rose \ Duff McKagan \ Jeffrey Isbell \ Saul Hudson \ Steven Adler.','She\'s got a smile that it seems to me\nReminds me of childhood memories\nWhere everything was as fresh\nAs the bright blue sky\n\nNow and then when I see her face\nShe takes me away to that special place\nAnd if I stare too long\nI\'d probably break down and cry\n\nOh, oh, oh, sweet child of mine\nOh, oh, oh, oh, sweet love of mine\n\nShe\'s got eyes of the bluest skies\nAs if they thought of rain\nI hate to look into those eyes\nAnd see an ounce of pain\n\nHer hair reminds me of a warm safe place\nWhere, as a child, I\'d hide\nAnd pray for the thunder and the rain\nTo quietly pass me by\n\nOh, oh, oh, sweet child of mine\nOh, oh, oh, oh, sweet love of mine\nOh, oh, oh, oh, sweet child of mine\nOoh, yeah, yeah\nOoh! Sweet love of mine\n\nWhere do we go?\nWhere do we go now?\nWhere do we go?\n\nWhere do we go?\nWhere do we go now?\nWhere do we go now?\n\nWhere do we go?\nWhere do we go now?\nWhere do we go?\nWhere do we go?\n\nWhere do we go now?\nWhere do we go?\nWhere do we go now?\nWhere do we go?\n\nWhere do we go now?\nWhere do we go?\nWhere do we go now?\nNow, now, now\nNow, now, now, now?\n\nSweet child\nSweet child of mine','https://www.youtube.com/watch?v=1w7OgIMMRc4',7,4,4);
INSERT INTO music_letter (`id`,`name`,`songwriter`,`music_letter`,`video_link`,`users_id`,`genre_id`,`artist_id`) VALUES (8,'You Can\'t Always Get What You Want','Keith Richards \ Mick Jagger','I saw her today at the reception\nA glass of wine in her hand\nI knew she would meet her connection\nAt her feet was her footloose man\nNo, you can\'t always get what you want\nYou can\'t always get what you want\nYou can\'t always get what you want\nBut if you try sometime you\'ll find\nYou get what you need\nI saw her today at the reception\nA glass of wine in her hand\nI knew she was gonna meet her connection\nAt her feet was her footloose man\nYou can\'t always get what you want\nYou can\'t always get what you want\nYou can\'t always get what you want\nBut if you try sometimes, well, you might find\nYou get what you need\nAh, yeah\nOh\nAnd I went down to the demonstration\nTo get my fair share of abuse\nSinging, \"We\'re gonna vent our frustration\nIf we don\'t we\'re gonna blow a fifty-amp fuse\"\nSing it to me, honey\nYou can\'t always get what you want\nYou can\'t always get what you want\nYou can\'t always get what you want\nBut if you try sometimes, well, you just might find\nYou get what you need\nAh baby, yeah\nAh\nI went down to the Chelsea drugstore\nTo get your prescription filled\nI was standing in line with Mr. Jimmy\nAnd, man, did he look pretty ill\nWe decided that we would have a soda\nMy favorite flavor, cherry red\nI sung my song to Mr. Jimmy\nYeah, and he said one word to me, and that was \"dead\"\nI said to him\nYou can\'t always get what you want, well no\nYou can\'t always get what you want. I tell you, baby\nYou can\'t always get what you want, no\nBut if you try sometimes you just might find, uh, mm\nYou get what you need, oh yeah, woo!\nAh, woo!\nYou get what you need, yeah, oh baby\nAh yeah\nI saw her today at the reception\nIn her glass was a bleeding man\nShe was practiced at the art of deception\nWell, I could tell by her blood-stained hands, sing it\nYou can\'t always get what you want, yeah\nYou can\'t always get what you want, ooh yeah, child\nYou can\'t always get what you want\nBut if you try sometimes you just might find\nYou just might find\nYou get what you need, ah yeah\nAh baby, woo!\nAh, you can\'t always get what you want, no, no, baby\nYou can\'t always get what you want, you can\'t now, now\nYou can\'t always get what you want\nBut if you try sometimes you just might find\nYou just might find that you\nYou get what you need, oh yeah\nAh yeah, do that','https://www.youtube.com/watch?v=krxU5Y9lCS8',8,4,6);
INSERT INTO music_letter (`id`,`name`,`songwriter`,`music_letter`,`video_link`,`users_id`,`genre_id`,`artist_id`) VALUES (9,'Paranoid','Tommy Iommi \ Ozzy Osbourne \ Geezer Butler \ Bill Ward.','Finished with my woman \'cause she\nCouldn\'t help me with my mind\nPeople think I\'m insane because\nI am frowning all the time\n\nAll day long, I think of things\nBut nothing seems to satisfy\nThink I\'ll lose my mind if I don\'t\nFind something to pacify\n\nCan you help me\nOccupy my brain?\nWhoa, yeah\n\nI need someone to show me\nThe things in life that I can\'t find\nI can\'t see the things that make true happiness\nI must be blind\n\nMake a joke and I will sigh\nAnd you will laugh and I will cry\nHappiness, I cannot feel\nAnd love to me is so unreal\n\nAnd so, as you hear these words\nTelling you now of my state\nI tell you to enjoy life, I wish I could\nBut it\'s too late','https://www.youtube.com/watch?v=0qanF-91aJo',9,4,7);
INSERT INTO music_letter (`id`,`name`,`songwriter`,`music_letter`,`video_link`,`users_id`,`genre_id`,`artist_id`) VALUES (10,'Wish You Were Here','Roger Waters \ David Gilmour.','So, so you think you can tell\nHeaven from hell?\nBlue skies from pain?\nCan you tell a green field\nFrom a cold steel rail?\nA smile from a veil?\nDo you think you can tell?\n\nDid they get you to trade\nYour heroes for ghosts?\nHot ashes for trees?\nHot air for a cool breeze?\nCold comfort for change?\nDid you exchange\nA walk on part in the war\nFor a lead role in a cage?\n\nHow I wish\nHow I wish you were here\nWe\'re just two lost souls\nSwimming in a fish bowl year after year\nRunning over the same old ground\nWhat have we found?\nThe same old fears\nWish you were here','https://www.youtube.com/watch?v=84Tq-eAJIk4',10,9,10);
INSERT INTO music_letter (`id`,`name`,`songwriter`,`music_letter`,`video_link`,`users_id`,`genre_id`,`artist_id`) VALUES (11,'Sail Away (Remastered 2007)','David Coverdale \ Ritchie Blackmore','If you\'re driftin\' on an empty ocean\nWith no wind to fill your sail\nThe future, your horizon\nIt\'s like searchin\' for the Holy Grail\nYou feel there\'s no tomorrow\nAs you look into the water below\nIt\'s only your reflection\nAnd you still ain\'t got no place to go\nTime will show\nWhen, I don\'t know\nSail away tomorrow\nSailin\' far away\nTo find it steal or borrow\nI\'ll be there someday, yeah\nOh woman, I keep returnin\'\nTo sing the same old song\nThe story\'s been told, now I\'m gettin\' old\nTell me, where do I belong?\nFeel like I\'m goin\' to surrender\nHard times I\'ve had enough\nIf I could find a place, to hide my face\nI believe, I could get back up\nTime will show\nWhen, I don\'t know\nSail away tomorrow\nSailin\' far away\nTo find it steal or borrow\nBut I\'ll be there someday, yeah\nSail away tomorrow\nSailin\' far away\nTo find it steal or borrow\nBut I\'ll be there someday, yeah\nSail away tomorrow\nSailin\' far away\nTo find it steal or borrow\nBut I\'ll be there someday, yeah','https://www.youtube.com/watch?v=FsnDSG7Wbi8',1,4,11);
INSERT INTO music_letter (`id`,`name`,`songwriter`,`music_letter`,`video_link`,`users_id`,`genre_id`,`artist_id`) VALUES (12,'Territory','Sepultura.','Unknown man\nSpeaks to the world\nSucking your trust\nA trap in every word\n\nWar for territory\nWar for territory\n\nChoice control\nBehind propaganda\nPoor information\nTo manage your anger\n\nWar for territory\nWar for territory\n\nDictators\' speech\nBlasting off your life\nRule to kill the urge\nDumb assholes\' speech\n\nYears of fighting\nTeaching my son\nTo believe in that man\nRacist human being\n\nRacist ground will live\nShame and regret\nOf the pride\nYou\'ve once possessed\n\nWar for territory\nWar for territory','https://www.youtube.com/watch?v=Q_WHGV5bejk',2,17,12);
INSERT INTO music_letter (`id`,`name`,`songwriter`,`music_letter`,`video_link`,`users_id`,`genre_id`,`artist_id`) VALUES (13,'Pais e Filhos','Marcelo Bonfá \ Dado Villa-Lobos \ Renato Russo.','Estátuas e cofres, e paredes pintadas\nNinguém sabe o que aconteceu\nEla se jogou da janela do quinto andar\nNada é fácil de entender\n\nDorme agora\nÉ só o vento lá fora\n\nQuero colo! Vou fugir de casa\nPosso dormir aqui com vocês?\nEstou com medo, tive um pesadelo\nSó vou voltar depois das três\n\nMeu filho vai ter nome de santo\nQuero o nome mais bonito\n\nÉ preciso amar as pessoas\nComo se não houvesse amanhã\nPorque se você parar pra pensar\nNa verdade, não há\n\nMe diz, por que que o céu é azul?\nExplica a grande fúria do mundo\nSão meus filhos\nQue tomam conta de mim\n\nEu moro com a minha mãe\nMas meu pai vem me visitar\nEu moro na rua, não tenho ninguém\nEu moro em qualquer lugar\n\nJá morei em tanta casa\nQue nem me lembro mais\nEu moro com meus pais\n\nÉ preciso amar as pessoas\nComo se não houvesse amanhã\nPorque se você parar pra pensar\nNa verdade, não há\n\nSou uma gota d\'água\nSou um grão de areia\nVocê me diz que seus pais não o entendem\nMas você não entende seus pais\n\nVocê culpa seus pais por tudo, isso é um absurdo\nSão crianças como você\nO que você vai ser\nQuando você crescer?','https://www.youtube.com/watch?v=bvIMBVBRpJU',3,12,13);
INSERT INTO music_letter (`id`,`name`,`songwriter`,`music_letter`,`video_link`,`users_id`,`genre_id`,`artist_id`) VALUES (14,'Can\'t Let You Go','Ritchie Blackmore \ Joe Lynn Turner \ David M. Rosenthal.','Day after day I\'m waking up\nTo find that you\'re slipppin\' away\nNight after night\nI can\'t fight the emptiness inside\n\nThere\'s nothin\' I can say\nNow I know you\'re turning me away\nIt\'s only you know disguise but you don\'t have to hide\nThe truth is in your eyes tonight\n\nI don\'t wanna live a lie\nBut I don\'t wanna say, \"goodbye\"\nAnd I can\'t let you go, even though it\'s over\nI just can\'t let you go\nI know your love is growing colder\n\nOne look in my eyes and you\'ll realize\nYou got my heart in your hands\nWon\'t you let me know somethin\' more\nWhere did we go wrong, girl?\n\nI don\'t wanna fight\nAll I wanna do is try and understand, yeah\nI\'m reaching out for you, babe, what can I do?\nI\'ve been holding on so long\n\nI don\'t wanna live a lie\nBut I don\'t wanna say, \"goodbye\"\nI can\'t let you go, even though it\'s over\nI just can\'t let you go\nI know your love is growing colder\nAnd I can\'t let you go, even though it\'s over\n\nI don\'t wanna live a lie\nBut I don\'t wanna say, \"goodbye\"\nI want you by my side\nAnd I can\'t let you go, even though it\'s over\nI just can\'t let you go\nI feel your love growing colder\n\nAnd I can\'t let you go, even though it\'s over\nI just can\'t let you go\nFeel your love is growing colder\n\nDon\'t go\nThough I know it\'s over\nI just can\'t let you go','https://www.youtube.com/watch?v=IqUx84-ljPE',4,4,14);
INSERT INTO music_letter (`id`,`name`,`songwriter`,`music_letter`,`video_link`,`users_id`,`genre_id`,`artist_id`) VALUES (15,'I Don\'t Want To Miss a Thing','Diane Warren.','I could stay awake\nJust to hear you breathin\'\nWatch you smile while you are sleepin\'\nWhile you\'re far away and dreamin\'\n\nI could spend my life\nIn this sweet surrender\nI could stay lost in this moment forever\nEvery moment spent with you\nIs a moment I treasure\n\nDon\'t wanna close my eyes\nI don\'t wanna fall asleep\n\'Cause I\'d miss you, babe\nAnd I don\'t wanna miss a thing\n\n\'Cause even when I dream of you\nThe sweetest dream would never do\nI\'d still miss you, baby\nAnd I don\'t wanna miss a thing\n\nLyin\' close to you\nFeelin\' your heart beatin\'\nAnd I\'m wonderin\' what you\'re dreamin\'\nWonderin\' if it\'s me you\'re seein\'\n\nThen I kiss your eyes\nAnd thank God we\'re together\nAnd I just wanna stay with you\nIn this moment forever\nForever and ever\n\nI don\'t wanna close my eyes\nI don\'t wanna fall asleep\n\'Cause I\'d miss you, baby\nAnd I don\'t wanna miss a thing\n\n\'Cause even when I dream of you\nThe sweetest dream would never do\nI\'d still miss you, baby\nAnd I don\'t wanna miss a thing\n\nAnd I don\'t wanna miss one smile\nI don\'t wanna miss one kiss\nI just wanna be with you\nRight here with you, just like this\n\nI just wanna hold you close\nI feel your heart so close to mine\nAnd just stay here in this moment\nFor all the rest of time\n\nYeah (yeah), yeah (yeah), yeah!\n\nDon\'t wanna close my eyes\nDon\'t wanna fall asleep\n\'Cause I\'d miss you, baby\nAnd I don\'t wanna miss a thing\n\n\'Cause even when I dream of you\nThe sweetest dream would never do\nI\'d still miss you, baby\nAnd I don\'t wanna miss a thing\n\nI don\'t wanna close my eyes\nI don\'t wanna fall asleep\n\'Cause I\'d miss you, baby\nAnd I don\'t wanna miss a thing\n\n\'Cause even when I dream of you\nThe sweetest dream would never do\nI\'d still miss you, baby\nAnd I don\'t wanna miss a thing\n\nDon\'t wanna close my eyes\nI don\'t wanna fall asleep, yeah\nI don\'t wanna miss a thing','https://www.youtube.com/watch?v=JkK8g6FMEXE',5,4,15);
INSERT INTO music_letter (`id`,`name`,`songwriter`,`music_letter`,`video_link`,`users_id`,`genre_id`,`artist_id`) VALUES (16,'Forever','Michael Bolton \ Paul Stanley.','I gotta tell you what I\'m feeling inside\nI could lie to myself, but it\'s true\nThere\'s no denying when I look in your eyes\nGirl, I\'m out of my head over you\n\nAnd I lived so long believing all love is blind\nBut everything about you is telling me this time\n\nIt\'s forever\nThis time I know and there\'s no doubt in my mind\nForever\nUntil my life is through, girl, I\'ll be loving you forever\n\nI hear the echo of a promise I made\nWhen you\'re strong, you can stand on your own\nBut those words grow distant as I look at your face\nNo, I don\'t want to go it alone\n\nAnd I never thought I\'d lay my heart on the line\nBut everything about you is telling me this time\n\nIt\'s forever\nThis time I know and there\'s no doubt in my mind\nForever\nUntil my life is through, girl, I\'ll be loving you forever\n\nYeah (yeah, yeah)\n\nOh, I see my future when I look in your eyes\nIt took your love to make my heart come alive\n\'Cause I lived my life believing all love is blind\nBut everything about you is telling me this time\n\nIt\'s forever\nThis time I know and there\'s no doubt in my mind\nForever\nUntil my life is through, girl, I\'ll be loving you forever\n\nOh, it\'s forever\nThis time I know and there\'s no doubt in my mind\nForever\nUntil my life is through, girl, I\'ll be loving you forever\n\nYeah','https://www.youtube.com/watch?v=d_RKO5ozLVo',6,4,16);
INSERT INTO music_letter (`id`,`name`,`songwriter`,`music_letter`,`video_link`,`users_id`,`genre_id`,`artist_id`) VALUES (17,'Rock You Like a Hurricane','Herman Rarebell \ Klaus Meine \ Rudolf Schenker.','It\'s early morning, the sun comes out\nLast night was shaking and pretty loud\nMy cat is purring, it scratches my skin\nSo what is wrong with another sin?\nThe bitch is hungry, she needs to tell\nSo give her inches and feed her well\nMore days to come, new places to go\nI\'ve got to leave, it\'s time for a show\n\nHere I am\nRock you like a hurricane\nHere I am\nRock you like a hurricane\n\nMy body is burning, it starts to shout\nDesire is coming, it breaks out loud\nLust is in cages \'til storm breaks loose\nJust have to make it with someone I choose\nThe night is calling, I have to go\nThe wolf is hungry, he runs the show\nHe\'s licking his lips, he\'s ready to win\nOn the hunt tonight for love at first sting\n\nHere I am\nRock you like a hurricane\nHere I am\nRock you like a hurricane\n\nHere I am\nRock you like a hurricane\nHere I am\nRock you like a hurricane\n\nRock you like a hurricane\n\nIt\'s early morning, the sun comes out\nLast night was shaking and pretty loud\nMy cat is purring, it scratches my skin\nSo what is wrong with another sin?\nThe night is calling, I have to go\nThe wolf is hungry, he runs the show\nHe\'s licking his lips, he\'s ready to win\nOn the hunt tonight for love at first sting\n\nHere I am\nRock you like a hurricane\nHere I am\nRock you like a hurricane\n\nHere I am\nRock you like a hurricane\nHere I am\nRock you like a hurricane','https://www.youtube.com/watch?v=6yP1tcy9a10',7,4,17);
INSERT INTO music_letter (`id`,`name`,`songwriter`,`music_letter`,`video_link`,`users_id`,`genre_id`,`artist_id`) VALUES (18,'Holiday','Mike Dirnt \ Billie Joe Armstrong \ Tre Cool.','(Say: Hey! Cha!)\n\nHear the sound of the falling rain\nComing down like an Armageddon flame (hey!)\nThe shame, the ones who died without a name\n\nHear the dogs howling out of key\nTo a hymn called Faith And Misery (hey!)\nAnd bleed, The Company lost the war today\n\nI beg to dream and differ from the hollow lies\nThis is the dawning of the rest of our lives\nOn holiday\n\nHear the drum pounding out of time\nAnother protester has crossed the line (hey!)\nTo find the money\'s on the other side\n\nCan I get another amen? (Amen!)\nThere\'s a flag wrapped around a score of men (hey!)\nA gag, a plastic bag on a monument\n\nI beg to dream and differ from the hollow lies\nThis is the dawning of the rest of our lives\nOn holiday\n(Hey!)\n\n(The representative from California has the floor)\n\nSieg Heil to the president Gasman\nBombs away is your punishment\nPulverize the Eiffel Towers\nWho criticize your government\n\nBang bang goes the broken glass, and\nKill all the fags that don\'t agree\nTrials by fire, setting fire\nIs not a way that\'s meant for me\n\nJust \'cause (hey, hey, hey, hey!)\nJust \'cause because we\'re outlaws, yeah (hey, hey, hey, hey!)\n\nI beg to dream and differ from the hollow lies\nThis is the dawning of the rest of our lives\nI beg to dream and differ from the hollow lies\nThis is the dawning of the rest of our lives\nThis is our lives on holiday','https://www.youtube.com/watch?v=A1OqtIqzScI',8,14,18);
INSERT INTO music_letter (`id`,`name`,`songwriter`,`music_letter`,`video_link`,`users_id`,`genre_id`,`artist_id`) VALUES (19,'Psychosocial','Shawn Crahan \ Sid Wilson \ Paul Gray \ Mick Thomson \ Joey Jordison \ Jim Root \ Craig Jones \ Corey Taylor \ Chris Fehn.','Ooh, yeah\n\nI did my time and I want out\nSo effusive, fade, it doesn\'t cut\nThe soul is not so vibrant\nThe reckoning, the sickening\nPackaging subversion\nPseudo-sacrosanct perversion\n\nGo drill your deserts\nGo dig your graves\nThen fill your mouth with all the money you will save\nSinking in, getting smaller again\nI\'m done, it has begun\nI\'m not the only one\n\nAnd the rain will kill us all\nThrow ourselves against the wall\nBut no one else can see\nThe preservation of the martyr in me\nPsychosocial, psychosocial, psychosocial\nPsychosocial, psychosocial, psychosocial\n\nThere are cracks in the road we laid\nBut where the temple fell\nThe secrets have gone mad\nThis is nothing new\nBut when we killed it all\nThe hate was all we had\n\nWho needs another mess?\nWe could start over\nJust look me in the eyes and say I\'m wrong\nNow there\'s only emptiness\nVenomous, insipid\nI think we\'re done\nI\'m not the only one\n\nAnd the rain will kill us all\nThrow ourselves against the wall\nBut no one else can see\nThe preservation of the martyr in me\nPsychosocial, psychosocial, psychosocial\nPsychosocial, psychosocial, psychosocial\n\nThe limits of the dead\nThe limits of the dead\nThe limits of the dead\nThe limits of the dead\n\nFake anti-fascist lie (psychosocial)\nI tried to tell you but (psychosocial)\nYour purple hearts are giving out (psychosocial)\nCan\'t stop the killing idea (psychosocial)\nIf it\'s hunting season (psychosocial)\nIs this what you want? (Psychosocial)\nI\'m not the only one\n\nAnd the rain will kill us all\nThrow ourselves against the wall\nBut no one else can see\nThe preservation of the martyr in me\n\nAnd the rain will kill us all\nThrow ourselves against the wall\nBut no one else can see\nThe preservation of the martyr in me\n\nThe limits of the dead\nThe limits of the dead','https://www.youtube.com/watch?v=5abamRO41fE',9,18,19);
INSERT INTO music_letter (`id`,`name`,`songwriter`,`music_letter`,`video_link`,`users_id`,`genre_id`,`artist_id`) VALUES (20,'All Along The Watchtower','Bob Dylan.','There must be some kind of way out of here\nSaid the joker to the thief\nThere\'s too much confusion\nI can\'t get no relief\n\nBusiness men, they, they drink my wine\nPlowmen dig my earth\nNone will level on the line\nNobody offered his word, hey\n\nNo reason to get excited\nThe thief, he kindly spoke\nThere are many here among us\nWho feel that life is but a joke\n\nBut you and I, we\'ve been through that\nAnd this is not our fate\nSo let us not talk falsely now\nThe hour\'s getting late, hey!\n\nAll along the watchtower\nPrinces kept the view\nWhile all the women came and went\nBarefoot servants too\n\nOutside in the cold distance\nA wild cat did growl\nTwo riders were approaching\nAnd the wind began to howl, hey!\n\n(All along the tower)\n(Beware, oh, beware)\n\nAll along the watchtower','https://www.youtube.com/watch?v=TLV4_xaYynY',10,16,20);
INSERT INTO music_letter (`id`,`name`,`songwriter`,`music_letter`,`video_link`,`users_id`,`genre_id`,`artist_id`) VALUES (21,'Foxy Lady','Jimi Hendrix.','Foxy, foxy\nYou know you are a cute little heart breaker\nFoxy, yeah\nAnd you know you are a sweet little lover maker\nFoxy\n\nI wanna take you home, haha, yeah\nI won\'t do you no harm\nYou\'ve got to be all mine, all mine\nOoh, foxy lady\nFoxy, foxy\n\nNow-a I see you come down on the scene\nOh, foxy\nYou make me wanna get up and-a scream\nFoxy, oh baby listen now\nI\'ve made up my mind\nI\'m tired of wasting all my precious time\nYou\'ve got to be all mine, all mine\n\nOoh, foxy lady\nOoh, foxy lady, yeah yeah\nYou look so good, foxy\nOh, yeah, foxy\nYeah, give us some, foxy\nFoxy lady\nFoxy lady\nFoxy lady','https://www.youtube.com/watch?v=_PVjcIO4MT4',10,16,20);
INSERT INTO music_letter (`id`,`name`,`songwriter`,`music_letter`,`video_link`,`users_id`,`genre_id`,`artist_id`) VALUES (22,'The Wind Cries Mary','Jimi Hendrix.','After all the jacks are in their boxes\nAnd the clowns have all gone to bed\nYou can hear happiness staggering on down the street\nFootsteps dressed in red\nAnd the wind whispers Mary\n\nA broom is drearily sweeping\nUp the broken pieces of yesterday\'s life\nSomewhere a queen is weeping\nSomewhere a king has no wife\nAnd the wind cries Mary\n\nThe traffic lights turn blue tomorrow\nAnd shine the emptyness down on my bed\nThe tiny island sags downstream\nCause the life that lived is dead\nAnd the wind screams Mary\n\nWill the wind ever remember\nThe names it has blown in the past\nWith its crutch, its old age, and its wisdom\nIt whispers no, this will be the last\nAnd the wind cries Mary','https://www.youtube.com/watch?v=r0EMrJTgqgM',10,16,20);
INSERT INTO music_letter (`id`,`name`,`songwriter`,`music_letter`,`video_link`,`users_id`,`genre_id`,`artist_id`) VALUES (23,'Blackbird','John Lennon \ Paul McCartney.','Blackbird singing in the dead of night\nTake these broken wings and learn to fly\nAll your life\nYou were only waiting for this moment to arise\n\nBlackbird singing in the dead of night\nTake these sunken eyes and learn to see\nAll your life\nYou were only waiting for this moment to be free\n\nBlackbird, fly, blackbird, fly\nInto the light of the dark black night\nBlackbird, fly, blackbird, fly\nInto the light of the dark black night\n\nBlackbird singing in the dead of night\nTake these broken wings and learn to fly\nAll your life\nYou were only waiting for this moment to arise\nYou were only waiting for this moment to arise\nYou were only waiting for this moment to arise','https://www.youtube.com/watch?v=wXTJBr9tt8Q',6,2,2);
INSERT INTO music_letter (`id`,`name`,`songwriter`,`music_letter`,`video_link`,`users_id`,`genre_id`,`artist_id`) VALUES (24,'Let It Be','John Lennon \ Paul McCartney.','When I find myself in times of trouble\nMother Mary comes to me\nSpeaking words of wisdom\nLet it be\n\nAnd in my hour of darkness\nShe is standing right in front of me\nSpeaking words of wisdom\nLet it be\n\nLet it be, let it be\nLet it be, let it be\nWhisper words of wisdom\nLet it be\n\nAnd when the brokenhearted people\nLiving in the world agree\nThere will be an answer\nLet it be\n\nFor though they may be parted\nThere is still a chance that they will see\nThere will be an answer\nLet it be\n\nLet it be, let it be\nLet it be, let it be\nYeah, there will be an answer\nLet it be\n\nLet it be, let it be\nLet it be, let it be\nWhisper words of wisdom\nLet it be\n\nLet it be, let it be\nLet it be, yeah, let it be\nWhisper words of wisdom\nLet it be\n\nAnd when the night is cloudy\nThere is still a light that shines on me\nShine on \'til tomorrow\nLet it be\n\nI wake up to the sound of music\nMother Mary comes to me\nSpeaking words of wisdom\nLet it be\n\nLet it be, let it be\nLet it be, yeah, let it be\nOh, there will be an answer\nLet it be\n\nLet it be, let it be\nLet it be, yeah, let it be\nOh, there will be an answer\nLet it be\n\nLet it be, let it be\nLet it be, yeah, let it be\nWhisper words of wisdom\nLet it be','https://www.youtube.com/watch?v=QDYfEBY9NM4&t=1s',6,2,2);
INSERT INTO music_letter (`id`,`name`,`songwriter`,`music_letter`,`video_link`,`users_id`,`genre_id`,`artist_id`) VALUES (25,'Oh! Darling','John Lennon \ Paul McCartney.','Oh, darling\nPlease, believe me\nI\'ll never do you no harm\nBelieve me when I tell you\nI\'ll never do you no harm\n\nOh, darling\nIf you leave me\nI\'ll never make it alone\nBelieve me when I beg you\nDon\'t ever leave me alone\n\nWhen you told me\nYou didn\'t need me anymore\nWell, you know\nI nearly broke down and cried\n\nWhen you told me\nYou didn\'t need me anymore\nWell, you know\nI nearly broke down and died\n\nOh, darling\nIf you leave me\nI\'ll never make it alone\nBelieve me when I tell you\nI\'ll never do you no harm\n\nBelieve me, darling\n\nWhen you told me\nYou didn\'t need me anymore\nWell, you know\nI nearly broke down and died\n\nWhen you told me\nYou didn\'t need me anymore\nWell, you know\nI nearly broke down and died\n\nOh, darling\nPlease, believe me\nI\'ll never let you down\nOh, believe me, darling\nBelieve me when I tell you\nI\'ll never do you no harm','https://www.youtube.com/watch?v=9BznFjbcBVs',6,2,2);
INSERT INTO music_letter (`id`,`name`,`songwriter`,`music_letter`,`video_link`,`users_id`,`genre_id`,`artist_id`) VALUES (26,'All My Love','John Paul Jones \ Robert Plant.','Should I fall out of love, my fire in the light?\nTo chase a feather in the wind\nWithin the glow that weaves a cloak of delight\nThere moves a thread that has no end\n\nFor many hours and days that passes ever soon\nThe tides have caused the flame to dim\nAt last the arm is straight, the hand to the loom\nIs this to end or just begin?\n\nAll of my love, all of my love\nOh all of my love to you now\nAll of my love, all of my love\nOh all of my love to you now\n\nThe cup is raised, the toast is made yet again\nOne voice is clear above the din\nProud aryan one word, my will to sustain\nFor me, the cloth once more to spin\n\nAll of my love, all of my love\nOh all of my love to you now\nAll of my love, all of my love\nYeah all of my love to you child\n\nYours is the cloth, mine is the hand that sews time\nHis is the force that lies within\nOurs is the fire, all the warmth we can find\nHe is a feather in the wind\n\nAll of my love, all of my love\nOh all of my love to you now\n\nAll of my love, oh love yes\nAll of my love to you now\nAll of my love, all of my love\nAll of my love, love\n\nSometimes, sometimes\nSometimes, sometimes\nHey, hey, hey, hey\nHey, hey, hey, hey\n\noh, yeah, it\'s all, all, all of my love\nAll of my love, all of my love to you now\nAll of my love, all of my love\nAll of my love, to, to you and you, and you and yeah\n\nI get a bit lonely, just standing up\nJust standing up\nJust standing up lonely\nJust I get a bit lonely','https://www.youtube.com/watch?v=vwFz3EThGMU',6,4,3);
INSERT INTO music_letter (`id`,`name`,`songwriter`,`music_letter`,`video_link`,`users_id`,`genre_id`,`artist_id`) VALUES (27,'War Pigs','Bill Ward \ Geezer Butler \ Ozzy Osbourne \ Tony Iommi. ','Generals gathered in their masses\nJust like witches at black masses\nEvil minds that plot destruction\nSorcerers of death\'s construction\n\nIn the fields, the bodies burning\nAs the war machine keeps turning\nDeath and hatred to mankind\nPoisoning their brainwashed minds\nOh, Lord, yeah!\n\nPoliticians hide themselves away\nThey only started the war\nWhy should they go out to fight?\nThey leave that all to the poor, yeah!\n\nTime will tell on their power minds\nMaking war just for fun\nTreating people just like pawns in chess\nWait till their judgment day comes, yeah!\n\nNow, in darkness, world stops turning\nAshes where their bodies burning\nNo more war pigs have the power\nHand of God has struck the hour\n\nDay of Judgment, God is calling\nOn their knees, the war pigs crawling\nBegging mercies for their sins\nSatan, laughing, spreads his wings\nOh, Lord, yeah!','https://www.youtube.com/watch?v=f-e8-DUqt0I',9,4,7);
INSERT INTO music_letter (`id`,`name`,`songwriter`,`music_letter`,`video_link`,`users_id`,`genre_id`,`artist_id`) VALUES (28,'Iron Man','Bill Ward \ Geezer Butler \ Ozzy Osbourne \ Tony Iommi.','Has he lost his mind?\nCan he see or is he blind?\nCan he walk at all\nOr if he moves, will he fall?\n\nIs he alive or dead?\nHas he thoughts within his head?\nWe\'ll just pass him there\nWhy should we even care?\n\nHe was turned to steel\nIn the great magnetic field\nWhen he travelled time\nFor the future of mankind\n\nNobody wants him\nHe just stares at the world\nPlanning his vengeance\nThat he will soon unfold\n\nNow the time is here\nFor iron man to spread fear\nVengeance from the grave\nKills the people he once saved\n\nNobody wants him\nThey just turn their heads\nNobody helps him\nNow he has his revenge\n\nHeavy boots of lead\nFills his victims full of dread\nRunning as fast as they can\nIron man lives again!','https://www.youtube.com/watch?v=8aQRq9hhekA&t=4s',9,4,7);
INSERT INTO music_letter (`id`,`name`,`songwriter`,`music_letter`,`video_link`,`users_id`,`genre_id`,`artist_id`) VALUES (29,'Changes','Bill Ward \ Geezer Butler \ Ozzy Osbourne \ Tony Iommi.','I feel unhappy\nI feel so sad\nI\'ve lost the best friend\nThat I ever had\nShe was my woman\nI love her so\nBut it\'s too late now\nI\'ve let her go\n\nI\'m going through changes\nI\'m going through changes\n\nWe shared the years\nWe shared each day\nIn love together\nWe found a way\nBut soon the world\nHad its evil way\nMy heart was blinded\nLove went astray\n\nI\'m going through changes\nI\'m going through changes\n\nIt took so long\nTo realize\nAnd I can still hear\nHer last goodbyes\nNow all my days\nAre filled with tears\nWish I could go back\nAnd change these years\n\nI\'m going through changes\nI\'m going through changes','https://www.youtube.com/watch?v=3zCVlEupuFI&t=35s',9,4,7);
INSERT INTO music_letter (`id`,`name`,`songwriter`,`music_letter`,`video_link`,`users_id`,`genre_id`,`artist_id`) VALUES (30,'Solitude','Bill Ward \ Geezer Butler \ Ozzy Osbourne \ Tony Iommi.','My name it means nothing, my fortune is less\nMy future is shrouded in dark wilderness\nSunshine is far away, clouds linger on\nEverything I posessed, now they are gone\n\nOh, where can I go to and what can I do?\nNothing can please me only thoughts are of you\nYou just laughed when I begged you to stay\nI\'ve not stopped crying since you went away\n\nThe world is a lonely place, you\'re on your own\nGuess I will go home, sit down and moan\nCrying and thinking is all that I do\nMemories I have remind me of you','https://www.youtube.com/watch?v=vmV8niW5GXs&t=31s',9,4,7);

INSERT INTO favorites (`users_id`,`music_letter_id`) VALUES (1,9);
INSERT INTO favorites (`users_id`,`music_letter_id`) VALUES (1,24);
INSERT INTO favorites (`users_id`,`music_letter_id`) VALUES (1,27);
INSERT INTO favorites (`users_id`,`music_letter_id`) VALUES (1,28);
INSERT INTO favorites (`users_id`,`music_letter_id`) VALUES (1,29);
INSERT INTO favorites (`users_id`,`music_letter_id`) VALUES (2,3);
INSERT INTO favorites (`users_id`,`music_letter_id`) VALUES (2,4);
INSERT INTO favorites (`users_id`,`music_letter_id`) VALUES (2,8);
INSERT INTO favorites (`users_id`,`music_letter_id`) VALUES (2,9);
INSERT INTO favorites (`users_id`,`music_letter_id`) VALUES (2,23);
INSERT INTO favorites (`users_id`,`music_letter_id`) VALUES (3,6);
INSERT INTO favorites (`users_id`,`music_letter_id`) VALUES (3,9);
INSERT INTO favorites (`users_id`,`music_letter_id`) VALUES (3,10);
INSERT INTO favorites (`users_id`,`music_letter_id`) VALUES (3,18);
INSERT INTO favorites (`users_id`,`music_letter_id`) VALUES (3,21);
INSERT INTO favorites (`users_id`,`music_letter_id`) VALUES (3,23);
INSERT INTO favorites (`users_id`,`music_letter_id`) VALUES (4,3);
INSERT INTO favorites (`users_id`,`music_letter_id`) VALUES (4,17);
INSERT INTO favorites (`users_id`,`music_letter_id`) VALUES (4,24);
INSERT INTO favorites (`users_id`,`music_letter_id`) VALUES (4,25);
INSERT INTO favorites (`users_id`,`music_letter_id`) VALUES (5,7);
INSERT INTO favorites (`users_id`,`music_letter_id`) VALUES (5,14);
INSERT INTO favorites (`users_id`,`music_letter_id`) VALUES (5,16);
INSERT INTO favorites (`users_id`,`music_letter_id`) VALUES (5,17);
INSERT INTO favorites (`users_id`,`music_letter_id`) VALUES (5,26);
INSERT INTO favorites (`users_id`,`music_letter_id`) VALUES (6,2);
INSERT INTO favorites (`users_id`,`music_letter_id`) VALUES (6,3);
INSERT INTO favorites (`users_id`,`music_letter_id`) VALUES (6,5);
INSERT INTO favorites (`users_id`,`music_letter_id`) VALUES (6,6);
INSERT INTO favorites (`users_id`,`music_letter_id`) VALUES (6,8);
INSERT INTO favorites (`users_id`,`music_letter_id`) VALUES (6,11);
INSERT INTO favorites (`users_id`,`music_letter_id`) VALUES (6,12);
INSERT INTO favorites (`users_id`,`music_letter_id`) VALUES (6,20);
INSERT INTO favorites (`users_id`,`music_letter_id`) VALUES (6,25);
INSERT INTO favorites (`users_id`,`music_letter_id`) VALUES (6,26);
INSERT INTO favorites (`users_id`,`music_letter_id`) VALUES (6,29);
INSERT INTO favorites (`users_id`,`music_letter_id`) VALUES (7,7);
INSERT INTO favorites (`users_id`,`music_letter_id`) VALUES (7,11);
INSERT INTO favorites (`users_id`,`music_letter_id`) VALUES (7,12);
INSERT INTO favorites (`users_id`,`music_letter_id`) VALUES (7,19);
INSERT INTO favorites (`users_id`,`music_letter_id`) VALUES (7,30);
INSERT INTO favorites (`users_id`,`music_letter_id`) VALUES (7,24);
INSERT INTO favorites (`users_id`,`music_letter_id`) VALUES (8,10);
INSERT INTO favorites (`users_id`,`music_letter_id`) VALUES (8,12);
INSERT INTO favorites (`users_id`,`music_letter_id`) VALUES (8,20);
INSERT INTO favorites (`users_id`,`music_letter_id`) VALUES (8,21);
INSERT INTO favorites (`users_id`,`music_letter_id`) VALUES (8,23);
INSERT INTO favorites (`users_id`,`music_letter_id`) VALUES (8,28);
INSERT INTO favorites (`users_id`,`music_letter_id`) VALUES (9,1);
INSERT INTO favorites (`users_id`,`music_letter_id`) VALUES (9,2);
INSERT INTO favorites (`users_id`,`music_letter_id`) VALUES (9,3);
INSERT INTO favorites (`users_id`,`music_letter_id`) VALUES (9,4);
INSERT INTO favorites (`users_id`,`music_letter_id`) VALUES (9,11);
INSERT INTO favorites (`users_id`,`music_letter_id`) VALUES (9,23);
INSERT INTO favorites (`users_id`,`music_letter_id`) VALUES (9,25);
INSERT INTO favorites (`users_id`,`music_letter_id`) VALUES (9,27);
INSERT INTO favorites (`users_id`,`music_letter_id`) VALUES (10,1);
INSERT INTO favorites (`users_id`,`music_letter_id`) VALUES (10,2);
INSERT INTO favorites (`users_id`,`music_letter_id`) VALUES (10,4);
INSERT INTO favorites (`users_id`,`music_letter_id`) VALUES (10,5);
INSERT INTO favorites (`users_id`,`music_letter_id`) VALUES (10,6);
INSERT INTO favorites (`users_id`,`music_letter_id`) VALUES (10,8);
INSERT INTO favorites (`users_id`,`music_letter_id`) VALUES (10,12);
INSERT INTO favorites (`users_id`,`music_letter_id`) VALUES (10,17);
INSERT INTO favorites (`users_id`,`music_letter_id`) VALUES (10,18);
INSERT INTO favorites (`users_id`,`music_letter_id`) VALUES (10,20);
INSERT INTO favorites (`users_id`,`music_letter_id`) VALUES (10,23);
INSERT INTO favorites (`users_id`,`music_letter_id`) VALUES (10,24);
INSERT INTO favorites (`users_id`,`music_letter_id`) VALUES (10,26);
INSERT INTO favorites (`users_id`,`music_letter_id`) VALUES (10,27);
INSERT INTO favorites (`users_id`,`music_letter_id`) VALUES (10,30);

INSERT INTO coments (`id`,`coment`,`users_id`,`music_letter_id`) VALUES (1,'Curto demais!',1,1);
INSERT INTO coments (`id`,`coment`,`users_id`,`music_letter_id`) VALUES (2,'Me encanta esta banda !',2,1);
INSERT INTO coments (`id`,`coment`,`users_id`,`music_letter_id`) VALUES (3,'melhor entre as melhores',3,1);
INSERT INTO coments (`id`,`coment`,`users_id`,`music_letter_id`) VALUES (4,'maravilha, recordar, viajar no tempo e ser feliz',4,1);
INSERT INTO coments (`id`,`coment`,`users_id`,`music_letter_id`) VALUES (5,'como eu queria viver essa epoca',5,1);
INSERT INTO coments (`id`,`coment`,`users_id`,`music_letter_id`) VALUES (6,'A boa musica não tem fronteiras.',6,1);
INSERT INTO coments (`id`,`coment`,`users_id`,`music_letter_id`) VALUES (7,'clássico eterno da música.',7,1);
INSERT INTO coments (`id`,`coment`,`users_id`,`music_letter_id`) VALUES (8,'essa musica é simplesmente linda!',8,2);
INSERT INTO coments (`id`,`coment`,`users_id`,`music_letter_id`) VALUES (9,'A melhor música de todos os tempos:',1,2);
INSERT INTO coments (`id`,`coment`,`users_id`,`music_letter_id`) VALUES (10,'As melhores letras de músicas foram as de antes.',2,2);
INSERT INTO coments (`id`,`coment`,`users_id`,`music_letter_id`) VALUES (11,'não se faz mais músicas como antigamente.',3,2);
INSERT INTO coments (`id`,`coment`,`users_id`,`music_letter_id`) VALUES (12,'lo mejor que le pasao a la musica del muno, fue la revolucion de la musica',4,3);
INSERT INTO coments (`id`,`coment`,`users_id`,`music_letter_id`) VALUES (13,'Música feita com a alma, um momento mágico em que os sentimentos e a imaginação se fundem na criatividade do artista.',5,3);
INSERT INTO coments (`id`,`coment`,`users_id`,`music_letter_id`) VALUES (14,'sinto muito honrada em fazer um trabalho de escola se referindo a essa musica um classico .',6,3);
INSERT INTO coments (`id`,`coment`,`users_id`,`music_letter_id`) VALUES (15,'da ate um aperto no coracao',7,3);
INSERT INTO coments (`id`,`coment`,`users_id`,`music_letter_id`) VALUES (16,'tempo bom era este com estas musica',8,4);
INSERT INTO coments (`id`,`coment`,`users_id`,`music_letter_id`) VALUES (17,'musica da minha vida',1,4);
INSERT INTO coments (`id`,`coment`,`users_id`,`music_letter_id`) VALUES (18,'deveria existir por lei a máquina do tempo...',2,4);
INSERT INTO coments (`id`,`coment`,`users_id`,`music_letter_id`) VALUES (19,'Muito bom mesmo...Ja nao se faz mais isso!',3,4);
INSERT INTO coments (`id`,`coment`,`users_id`,`music_letter_id`) VALUES (20,'Quando havia canções maravilhosas...',4,4);
INSERT INTO coments (`id`,`coment`,`users_id`,`music_letter_id`) VALUES (21,'Curto demais!',2,5);
INSERT INTO coments (`id`,`coment`,`users_id`,`music_letter_id`) VALUES (22,'Me encanta esta banda !',3,5);
INSERT INTO coments (`id`,`coment`,`users_id`,`music_letter_id`) VALUES (23,'melhor entre as melhores',10,5);
INSERT INTO coments (`id`,`coment`,`users_id`,`music_letter_id`) VALUES (24,'maravilha, recordar, viajar no tempo e ser feliz',1,5);
INSERT INTO coments (`id`,`coment`,`users_id`,`music_letter_id`) VALUES (25,'como eu queria viver essa epoca',2,6);
INSERT INTO coments (`id`,`coment`,`users_id`,`music_letter_id`) VALUES (26,'A boa musica não tem fronteiras.',3,6);
INSERT INTO coments (`id`,`coment`,`users_id`,`music_letter_id`) VALUES (27,'clássico eterno da música.',4,6);
INSERT INTO coments (`id`,`coment`,`users_id`,`music_letter_id`) VALUES (28,'essa musica é simplesmente linda!',5,6);
INSERT INTO coments (`id`,`coment`,`users_id`,`music_letter_id`) VALUES (29,'A melhor música de todos os tempos:',6,6);
INSERT INTO coments (`id`,`coment`,`users_id`,`music_letter_id`) VALUES (30,'As melhores letras de músicas foram as de antes.',1,7);
INSERT INTO coments (`id`,`coment`,`users_id`,`music_letter_id`) VALUES (31,'não se faz mais músicas como antigamente.',6,7);
INSERT INTO coments (`id`,`coment`,`users_id`,`music_letter_id`) VALUES (32,'lo mejor que le pasao a la musica del muno, fue la revolucion de la musica',8,7);
INSERT INTO coments (`id`,`coment`,`users_id`,`music_letter_id`) VALUES (33,'Música feita com a alma, um momento mágico em que os sentimentos e a imaginação se fundem na criatividade do artista.',5,7);
INSERT INTO coments (`id`,`coment`,`users_id`,`music_letter_id`) VALUES (34,'sinto muito honrada em fazer um trabalho de escola se referindo a essa musica um classico .',4,8);
INSERT INTO coments (`id`,`coment`,`users_id`,`music_letter_id`) VALUES (35,'da ate um aperto no coracao',9,8);
INSERT INTO coments (`id`,`coment`,`users_id`,`music_letter_id`) VALUES (36,'tempo bom era este com estas musica',1,8);
INSERT INTO coments (`id`,`coment`,`users_id`,`music_letter_id`) VALUES (37,'musica da minha vida',2,8);
INSERT INTO coments (`id`,`coment`,`users_id`,`music_letter_id`) VALUES (38,'deveria existir por lei a máquina do tempo...',10,8);
INSERT INTO coments (`id`,`coment`,`users_id`,`music_letter_id`) VALUES (39,'Muito bom mesmo...Ja nao se faz mais isso!',1,9);
INSERT INTO coments (`id`,`coment`,`users_id`,`music_letter_id`) VALUES (40,'Quando havia canções maravilhosas...',2,9);
INSERT INTO coments (`id`,`coment`,`users_id`,`music_letter_id`) VALUES (41,'Curto demais!',3,9);
INSERT INTO coments (`id`,`coment`,`users_id`,`music_letter_id`) VALUES (42,'Me encanta esta banda !',4,9);
INSERT INTO coments (`id`,`coment`,`users_id`,`music_letter_id`) VALUES (43,'melhor entre as melhores',5,10);
INSERT INTO coments (`id`,`coment`,`users_id`,`music_letter_id`) VALUES (44,'maravilha, recordar, viajar no tempo e ser feliz',6,10);
INSERT INTO coments (`id`,`coment`,`users_id`,`music_letter_id`) VALUES (45,'como eu queria viver essa epoca',1,11);
INSERT INTO coments (`id`,`coment`,`users_id`,`music_letter_id`) VALUES (46,'A boa musica não tem fronteiras.',6,11);
INSERT INTO coments (`id`,`coment`,`users_id`,`music_letter_id`) VALUES (47,'clássico eterno da música.',8,11);
INSERT INTO coments (`id`,`coment`,`users_id`,`music_letter_id`) VALUES (48,'essa musica é simplesmente linda!',5,12);
INSERT INTO coments (`id`,`coment`,`users_id`,`music_letter_id`) VALUES (49,'A melhor música de todos os tempos:',4,13);
INSERT INTO coments (`id`,`coment`,`users_id`,`music_letter_id`) VALUES (50,'As melhores letras de músicas foram as de antes.',9,13);
INSERT INTO coments (`id`,`coment`,`users_id`,`music_letter_id`) VALUES (51,'não se faz mais músicas como antigamente.',9,13);
INSERT INTO coments (`id`,`coment`,`users_id`,`music_letter_id`) VALUES (52,'lo mejor que le pasao a la musica del muno, fue la revolucion de la musica',1,14);
INSERT INTO coments (`id`,`coment`,`users_id`,`music_letter_id`) VALUES (53,'Música feita com a alma, um momento mágico em que os sentimentos e a imaginação se fundem na criatividade do artista.',2,14);
INSERT INTO coments (`id`,`coment`,`users_id`,`music_letter_id`) VALUES (54,'sinto muito honrada em fazer um trabalho de escola se referindo a essa musica um classico .',10,15);
INSERT INTO coments (`id`,`coment`,`users_id`,`music_letter_id`) VALUES (55,'da ate um aperto no coracao',1,15);
INSERT INTO coments (`id`,`coment`,`users_id`,`music_letter_id`) VALUES (56,'tempo bom era este com estas musica',2,15);
INSERT INTO coments (`id`,`coment`,`users_id`,`music_letter_id`) VALUES (57,'musica da minha vida',3,16);
INSERT INTO coments (`id`,`coment`,`users_id`,`music_letter_id`) VALUES (58,'deveria existir por lei a máquina do tempo...',4,16);
INSERT INTO coments (`id`,`coment`,`users_id`,`music_letter_id`) VALUES (59,'Muito bom mesmo...Ja nao se faz mais isso!',5,16);
INSERT INTO coments (`id`,`coment`,`users_id`,`music_letter_id`) VALUES (60,'Quando havia canções maravilhosas...',6,16);
INSERT INTO coments (`id`,`coment`,`users_id`,`music_letter_id`) VALUES (61,'Curto demais!',7,16);
INSERT INTO coments (`id`,`coment`,`users_id`,`music_letter_id`) VALUES (62,'Me encanta esta banda !',8,16);
INSERT INTO coments (`id`,`coment`,`users_id`,`music_letter_id`) VALUES (63,'melhor entre as melhores',1,17);
INSERT INTO coments (`id`,`coment`,`users_id`,`music_letter_id`) VALUES (64,'maravilha, recordar, viajar no tempo e ser feliz',2,17);
INSERT INTO coments (`id`,`coment`,`users_id`,`music_letter_id`) VALUES (65,'como eu queria viver essa epoca',3,17);
INSERT INTO coments (`id`,`coment`,`users_id`,`music_letter_id`) VALUES (66,'A boa musica não tem fronteiras.',4,17);
INSERT INTO coments (`id`,`coment`,`users_id`,`music_letter_id`) VALUES (67,'clássico eterno da música.',5,17);
INSERT INTO coments (`id`,`coment`,`users_id`,`music_letter_id`) VALUES (68,'essa musica é simplesmente linda!',6,18);
INSERT INTO coments (`id`,`coment`,`users_id`,`music_letter_id`) VALUES (69,'A melhor música de todos os tempos:',7,18);
INSERT INTO coments (`id`,`coment`,`users_id`,`music_letter_id`) VALUES (70,'As melhores letras de músicas foram as de antes.',8,18);
INSERT INTO coments (`id`,`coment`,`users_id`,`music_letter_id`) VALUES (71,'não se faz mais músicas como antigamente.',1,19);
INSERT INTO coments (`id`,`coment`,`users_id`,`music_letter_id`) VALUES (72,'lo mejor que le pasao a la musica del muno, fue la revolucion de la musica',2,19);
INSERT INTO coments (`id`,`coment`,`users_id`,`music_letter_id`) VALUES (73,'Música feita com a alma, um momento mágico em que os sentimentos e a imaginação se fundem na criatividade do artista.',3,19);
INSERT INTO coments (`id`,`coment`,`users_id`,`music_letter_id`) VALUES (74,'sinto muito honrada em fazer um trabalho de escola se referindo a essa musica um classico .',4,19);
INSERT INTO coments (`id`,`coment`,`users_id`,`music_letter_id`) VALUES (75,'da ate um aperto no coracao',2,20);
INSERT INTO coments (`id`,`coment`,`users_id`,`music_letter_id`) VALUES (76,'tempo bom era este com estas musica',3,20);
INSERT INTO coments (`id`,`coment`,`users_id`,`music_letter_id`) VALUES (77,'musica da minha vida',10,20);
INSERT INTO coments (`id`,`coment`,`users_id`,`music_letter_id`) VALUES (78,'deveria existir por lei a máquina do tempo...',6,20);
INSERT INTO coments (`id`,`coment`,`users_id`,`music_letter_id`) VALUES (79,'Muito bom mesmo...Ja nao se faz mais isso!',7,20);
INSERT INTO coments (`id`,`coment`,`users_id`,`music_letter_id`) VALUES (80,'Quando havia canções maravilhosas...',8,20);
INSERT INTO coments (`id`,`coment`,`users_id`,`music_letter_id`) VALUES (81,'Curto demais!',1,20);
INSERT INTO coments (`id`,`coment`,`users_id`,`music_letter_id`) VALUES (82,'Me encanta esta banda !',2,20);
INSERT INTO coments (`id`,`coment`,`users_id`,`music_letter_id`) VALUES (83,'melhor entre as melhores',3,21);
INSERT INTO coments (`id`,`coment`,`users_id`,`music_letter_id`) VALUES (84,'maravilha, recordar, viajar no tempo e ser feliz',4,21);
INSERT INTO coments (`id`,`coment`,`users_id`,`music_letter_id`) VALUES (85,'como eu queria viver essa epoca',5,21);
INSERT INTO coments (`id`,`coment`,`users_id`,`music_letter_id`) VALUES (86,'A boa musica não tem fronteiras.',6,21);
INSERT INTO coments (`id`,`coment`,`users_id`,`music_letter_id`) VALUES (87,'clássico eterno da música.',7,23);
INSERT INTO coments (`id`,`coment`,`users_id`,`music_letter_id`) VALUES (88,'essa musica é simplesmente linda!',8,22);
INSERT INTO coments (`id`,`coment`,`users_id`,`music_letter_id`) VALUES (89,'A melhor música de todos os tempos:',1,23);
INSERT INTO coments (`id`,`coment`,`users_id`,`music_letter_id`) VALUES (90,'As melhores letras de músicas foram as de antes.',2,22);
INSERT INTO coments (`id`,`coment`,`users_id`,`music_letter_id`) VALUES (91,'não se faz mais músicas como antigamente.',3,24);
INSERT INTO coments (`id`,`coment`,`users_id`,`music_letter_id`) VALUES (92,'lo mejor que le pasao a la musica del muno, fue la revolucion de la musica',4,25);
INSERT INTO coments (`id`,`coment`,`users_id`,`music_letter_id`) VALUES (93,'Música feita com a alma, um momento mágico em que os sentimentos e a imaginação se fundem na criatividade do artista.',2,26);
INSERT INTO coments (`id`,`coment`,`users_id`,`music_letter_id`) VALUES (94,'sinto muito honrada em fazer um trabalho de escola se referindo a essa musica um classico .',3,27);
INSERT INTO coments (`id`,`coment`,`users_id`,`music_letter_id`) VALUES (95,'da ate um aperto no coracao',10,28);
INSERT INTO coments (`id`,`coment`,`users_id`,`music_letter_id`) VALUES (96,'tempo bom era este com estas musica',10,29);
INSERT INTO coments (`id`,`coment`,`users_id`,`music_letter_id`) VALUES (97,'musica da minha vida',10,29);
INSERT INTO coments (`id`,`coment`,`users_id`,`music_letter_id`) VALUES (98,'deveria existir por lei a máquina do tempo...',10,30);
INSERT INTO coments (`id`,`coment`,`users_id`,`music_letter_id`) VALUES (99,'Muito bom mesmo...Ja nao se faz mais isso!',2,30);
INSERT INTO coments (`id`,`coment`,`users_id`,`music_letter_id`) VALUES (100,'Quando havia canções maravilhosas...',4,30);
